,Titulo1,Titulo2,Comuna,Capacidad,Camas,N_Habitaciones,Habitaciones,Baños,Tipo_Baños,Precio,lat,lon,Ubicacion,Ubides,Descripcion,Servicios,Nota,Nnota,Anfitrion,Registro,Link
0,"A minutos de Avda. del Mar, Malls y Universidades",Condo entero,La Serena,4,4,2, Habitación,1,privado,24.304,-29.89823,-71.26009,"https://maps.google.com/maps?ll=-29.89823,-71.26009&z=14&t=m&hl=es&gl=CL&mapclient=apiv3","Sector residencial ubicado en Avenida Principal, sector Puertas del Mar","Agradable departamento, full equipado, con estacionamiento privado con acceso controlado 24/7, a pasos del  sector Avenida del Mar, Casco histórico, Museo al aire libre Gabriel Gonzalez Videla, Universidades, Mall Puertas del Mar y Mall Plaza La Serena. Departamento equipado para 4 personas con Wifi, Logia con lavadora, secadora y plancha, cocina equipada. Balcón con vista a Avenida,  Arriendo de bicicletas.


Nuestro alojamiento te brindará todas las comodidades para una estadía confortable y agradable.",['Acceso a la playa'],4.81,67,Nelson,06-2018,https://www.airbnb.cl/rooms/25564141?adults=1&children=0&infants=0&pets=0&check_in=2023-03-20&check_out=2023-03-25&previous_page_section_name=1000
1,Sofisticado departamento con vista a la playa,Condo entero,Coquimbo,4,3,2, Habitación,2,privado,35.991,-29.89798,-71.26847,"https://maps.google.com/maps?ll=-29.89798,-71.26847&z=14&t=m&hl=es&gl=CL&mapclient=apiv3",,"El edificio cuenta con piscina, sector de acondicionamiento físico y zona para asados con dos quinchos. El depto fue diseñado especialmente para una excelente experiencia. Incluye: escritorio como estación de trabajo, lavadora, 1 televisor smart, 1 televisor QLED 50” de última generación en living, parrilla eléctrica,muebles y camas de excelente calidad. Sábanas de 300 hilos, sandwichera,cafetera nespresso, juguera, hervidor, microondas, refrigerador, entre otros. No se acepta fumar al interior.


Depto amoblado, cómodo con camas y muebles de buena calidad. Amoblado con todo lo necesario para una grata estadía.",['Acceso a la playa'],4.81,21,Felipe,04-2015,https://www.airbnb.cl/rooms/47180127?adults=1&children=0&infants=0&pets=0&check_in=2023-03-02&check_out=2023-03-07&previous_page_section_name=1000
2,Promoción descuento 30% y 10% al valor de estadía.,Vivienda rentada entero,Ovalle,5,4,3, Habitación,2,privado,50.0,-30.61497,-71.2079,"https://maps.google.com/maps?ll=-30.61497,-71.2079&z=14&t=m&hl=es&gl=CL&mapclient=apiv3","El departamento está ubicado en un barrio tranquilo rodeado de poblaciones de clase media y alta, Pequeñas plazitas y otros condominios.","Cómodo y amplio departamento, ubicado en un segundo piso, en el condominio Ciudad del Encanto, con seguridad las 24 horas. Cuenta con estacionamiento, servicios de wi fi  fibra óptica y TV cable, además de locomoción a la puerta y cercanía a supermercado Santa Isabel y farmacia cruz verde.

El espacio
El departamento cuenta con 3 dormitorios, 2 baños, lavadora. Internet fibra y tv cable. Está ubicado en segunfo piso, tiene terraza con vista a una plazita.",['Vista al horizonte de la ciudad'],4.70,10,Nilsa Soledad,12-2020,https://www.airbnb.cl/rooms/47508426?adults=1&children=0&infants=0&pets=0&check_in=2023-02-15&check_out=2023-02-21&previous_page_section_name=1000
3,"Internet, impresora, lavadora Descuento 30% y 10%",Vivienda rentada entero,Ovalle,5,4,3, Habitación,2,privado,50.0,-30.61305,-71.20922,"https://maps.google.com/maps?ll=-30.61305,-71.20922&z=14&t=m&hl=es&gl=CL&mapclient=apiv3","El ambiente de este sector es un lugar seguro
y tranquilo, dispone de guardia las 24 horas . Tiene locomoción a la puerta, a pocas cuadras hay supermercado y farmacia.","Para su alojamiento usted dispone de un departamento nuevo de tres dormitorios y dos baños, el cual está recién amoblado con implementos para cocinar, estacionamiento gratuito, televisión por cable, internet fibra, lavadora, etc

El espacio
Departamento con locomoción a la puerta, supermercado a pocas cuadras.",['Vista al horizonte de la ciudad'],4.69,65,Georgina,03-2018,https://www.airbnb.cl/rooms/27903389?adults=1&children=0&infants=0&pets=0&check_in=2023-02-21&check_out=2023-02-26&previous_page_section_name=1000
4,Cómodo departamento Laguna del Mar,Vivienda rentada entero,La Serena,6,5,3, Habitación,2,privado,70.0,-29.90181,-71.27129,"https://maps.google.com/maps?ll=-29.90181,-71.27129&z=14&t=m&hl=es&gl=CL&mapclient=apiv3","Supermercado, tiendas y McDonalds a 1 KM.","Departamento de 110 m2 totales, hermoso amoblado y bien iluminado, cortinas black out en todo el departamento. Posee internet Wifi y 2 televisores Smart TV 4K (75 y 50 pulgadas). El complejo se encuentra frente al mar y tiene en su totalidad 6 piscinas y laguna con posibilidad de navegar en kayak gratuitamente.

El espacio
Comode Sofa para 6 personas donde podrán disfrutar de excelente películas frente al mar en una pantalla de 75 pulgadas con home theater.","['Acceso a la playa', 'Frente a la playa']",4.62,45,Mario,07-2018,https://www.airbnb.cl/rooms/40914941?adults=1&children=0&infants=0&pets=0&check_in=2023-03-05&check_out=2023-03-10&previous_page_section_name=1000
5,arriendo depto laguna del mar,Vivienda rentada entero,Elqui,6,5,3, Habitación,2,privado,160.0,-29.9375,-71.282,"https://maps.google.com/maps?ll=-29.9375,-71.282&z=14&t=m&hl=es&gl=CL&mapclient=apiv3",,"Relájate con toda la familia en este tranquilo lugar depto de 2 pisos, 2 baños y 3 habitaciones, cuenta con wifi, cable y quincho que se encuentra en el 2do piso además el condominio ofrece gratis para hacer deportes náuticos en la laguna, canchas de tenis , kayaks y 1 estacionamiento",['Acceso a la playa'],,,Javiera,01-2023,https://www.airbnb.cl/rooms/825324720361250764?adults=1&children=0&infants=0&pets=0&check_in=2023-02-20&check_out=2023-02-25&previous_page_section_name=1000
6,Departamento central 3 personas,Vivienda rentada entero,Pisco Elqui,3,2,2, Habitación,1,privado,58.4,-30.12513,-70.4961,"https://maps.google.com/maps?ll=-30.12513,-70.4961&z=14&t=m&hl=es&gl=CL&mapclient=apiv3","relajado, un lugar tranquilo, seguro y sencillo","Desde este alojamiento céntrico todo el grupo podrá tener fácil acceso a todo.

El espacio
el espacio es central, con hermosa vista a las montañas.  cerca de restaurantes, bar",['Cocina'],,,Juan Carlos,03-2021,https://www.airbnb.cl/rooms/783180490105978170?adults=1&children=0&infants=0&pets=0&check_in=2023-02-15&check_out=2023-02-21&previous_page_section_name=1000
7,"“On Fire” La Serena, Team The Sunsets",Apartamento con servicios incluidos entero,La Serena,4,3,2, Habitación,1,privado,68.4,-29.94256,-71.28745,"https://maps.google.com/maps?ll=-29.94256,-71.28745&z=14&t=m&hl=es&gl=CL&mapclient=apiv3","Barrio frente a la Playa elegante y perfecto para pasar unos días sin molestias y cercano a restoranes de renombre como Bakulic y Tololo, cercano (a pie) al Casino de Juegos y Pubs/Disco.","PRIMERA LINEA DE PLAYA, en medio de la acción. A pasos del Casino Enjoy, Restoranes, Discoteque  y locales comerciales de renombre y Bohemia Serenense. 

Quien haya venido antes a La Serena sabe a que nos referimos, y si es tu primera vez, te ofrecemos lo mejor. 

¡¡OLVÍDATE de los TACOS en la Avenida del Mar!! Cuando estas en primera línea con nosotros,  el panorama es el siguiente: llegas, estacionas, despreocúpate y disfruta, porque a eso viniste o no?


Decoración industrial y simplicidad es lo que encontrarás. 

Ingreso con cerradura electrónica de clave numérica para que te olvides de las llaves al ir a la playa.

Servicios especiales gratuitos en conjunto con WIFI:
 
1. Netflix
2. Amazon Prime VIdeo
3. HBO+
4. Disney+
5. Directv GO.
Lo anterior, porque además de que nos interesa que disfrutes la playa y los encantos serenenses, queremos que vuelvas y te sientas cómodo.

Living:
Sillón 3c, cómodo junto a una televisión de 50"" de última generación 4k.

Cocina:
Refrigerador, Horno empotrado, microondas, juego de ollas, hervidor eléctrico, cubiertos, etc. Todo lo necesario para disfrutar con tranquilidad y lo mejor, CAFETERA NESPRESSO, para entendidos en degustar el mejor café.

Habitación princ. con cama King, y TV de 50"" 4K, caja fuerte personal y un ventanal con vista directa a la playa, PARA NO PERDERTE NADA.

Habitación secundaria:
Camarote de plaza y media y sillón cama.

Estacionamiento privado, ideal para poder salir despreocupándote de todo.","['Acceso a playa Público o compartido', 'Frente a la playa']",4.95,44,Paula,09-2021,https://www.airbnb.cl/rooms/52994707?adults=1&children=0&infants=0&pets=0&check_in=2023-03-12&check_out=2023-03-17&previous_page_section_name=1000
8,La Serena Laguna del Mar Espectacular Vista!,Condo entero,La Serena,4,2,2, Habitación,2,privado,80.0,-29.87662,-71.27098,"https://maps.google.com/maps?ll=-29.87662,-71.27098&z=14&t=m&hl=es&gl=CL&mapclient=apiv3",Laguna del mar es un espacio muy tranquilo en donde se puede descansar sin problemas,"Lugares de interés: el centro de la ciudad y increíbles vistas. Te va a encantar mi lugar debido a el espacio acogedor y las vistas. Mi alojamiento es bueno para parejas, aventureros, viajeros de negocios, familias (con hijos) y mascotas.

El espacio
Excelente vista, acogedor y con todas las comodidades para un excelente descanso y teletrabajo","['Acceso a la playa', 'Frente a la playa']",4.80,51,Evelyn,07-2016,https://www.airbnb.cl/rooms/14183990?adults=1&children=0&infants=0&pets=0&check_in=2023-02-26&check_out=2023-03-03&previous_page_section_name=1000
9,Marina Oceano Enjoy Coquimbo,Vivienda rentada entero,Coquimbo,5,4,2, Habitación,1,privado,36.0,-29.94423,-71.28585,"https://maps.google.com/maps?ll=-29.94423,-71.28585&z=14&t=m&hl=es&gl=CL&mapclient=apiv3",Queda a 1 cuadra del casino enjoy conexión directa a la playa.,"Edificio Marina Oceano ubicado en segunda linea de mar, a una cuadra del Casino Enjoy, entorno seguro y tranquilo, acceso controlado. Departamento 2 dormitorios, un baño, full equipado; incluye lavadora, wi fi, loza y accesorios en cocina, ropa de cama, plancha, aspiradora, secador de pelo, entre otros. Edificio cuenta con zona de secadoras, piscina, juegos infantiles y quincho que se arrienda.


Dos dormitorios living comedor sofá cama, lavadora, wifi, secadora dentro del edificio, colgador de ropa y todo lo necesario como si estuvieras en tu hogar.",['Acceso a la playa'],4.75,28,Cristian,05-2019,https://www.airbnb.cl/rooms/37146414?adults=1&children=0&infants=0&pets=0&check_in=2023-03-04&check_out=2023-03-09&previous_page_section_name=1000
10,arriendo depto en laguna del mar,Vivienda rentada entero,Elqui,5,4,2, Habitación,2,privado,155.0,-29.8999,-71.2703,"https://maps.google.com/maps?ll=-29.8999,-71.2703&z=14&t=m&hl=es&gl=CL&mapclient=apiv3",,"Relájate con toda la familia en este tranquilo lugar. 
el condominio ofrece piscinas, acceso a la laguna, hacer deportes náuticos gratis, acceso a canchas de tenis gratis, quinchos, 1 estacionamiento y acceso directo a la playa.

El espacio
el depto esta en el 7mo piso, en edificio playa blanca tiene 1 dormitorio con cama 2 plazas y el 2 dormitorio tiene un camarote y una cama de plaza mas un futon",['Acceso a la playa'],,,Javiera,01-2023,https://www.airbnb.cl/rooms/808595060780591262?adults=1&children=0&infants=0&pets=0&check_in=2023-02-20&check_out=2023-02-25&previous_page_section_name=1000
11,"Departamento frente al mar, estacionamiento gratis",Apartamento con servicios incluidos entero,La Serena,6,6,2, Habitación,2,privado,70.0,-29.91545,-71.27556,"https://maps.google.com/maps?ll=-29.91545,-71.27556&z=14&t=m&hl=es&gl=CL&mapclient=apiv3",,"Condominio único con piscinas con olas en la cuarta región . 

El departamento cuenta con 2 Dormitorios  1 suit con baño y otra con baño afuera de la pieza. Ambas camas de 2 pozas con ropa de cama de hotel muy cómodas, un colchón inflable que se llena en 2 min de manera automática. Un sofá cama en el living (2P)

Contarás con una limpieza excepcional ( sanitizamos con cloro cuaternario y lysofol , aspiramos y eliminamos polvo ), ropa de cama y toallas incluidas 

Todos los servicios incluidos !","['Acceso a playa Público o compartido', 'Frente a la playa']",4.65,66,Diego,07-2021,https://www.airbnb.cl/rooms/52619673?adults=1&children=0&infants=0&pets=0&check_in=2023-03-12&check_out=2023-03-17&previous_page_section_name=1000
12,"""Relax Indoors"" La Herradura - Team The Sunsets",Apartamento con servicios incluidos entero,Coquimbo,7,4,2, Habitación,2,privado,95.133,-29.97995,-71.35099,"https://maps.google.com/maps?ll=-29.97995,-71.35099&z=14&t=m&hl=es&gl=CL&mapclient=apiv3","Condominio Playa Herradura, cuenta con residentes educados y responsables, concientes de la calidad de vida del emplazamiento. A pasos de supermercado, cercano a Hospital Regional y locales comerciales de comida rápida.","Nos llamamos ¡The Sunsets!, Y te ofrecemos este departamento llamado ""Relax Indoors La Herradura"". 

Fue condicionado por nosotros para que te  desconectes de las banalidades diarias, aislado del bullicio cotidiano, con un espacio elegante y perfectamente ubicado para disfrutar de un amanecer con  el sonido de las olas, un sunset pintado de colores que solo la Región Estrella puede ofrecer o una meditación en la misma playa, ya que el condominio cuenta con acceso directo a la playa, ¡Tú decides!


Este es uno de los 02 departamentos con los que contamos para el deleite de nuestros huéspedes. 

El condominio cuenta con la piscina más grande La Herradura, donde podrán disfrutar niños y adultos, además de quinchos, área de juegos, a pasos de supermercados, estación de servicios, pueblito La Herradura,  y salida directa a la carretera.

Locomoción colectiva a la salida del edificio y en auto llegarás en pocos minutos al centro de Coquimbo y a La Serena.

Qué ofrecemos:

Acceso con cerradura electrónica de tarjeta y/o clave numérica. Olvídate de las llaves cuando vayas a la playa!!

*Red WiFi y acceso GRATUITO a cuentas:
1.- Netflix 
2.- Prime Video
3.- Disney Plus
5.- HBO+

-Dormitorios-
Habitación principal con cama king,  cobertor, almohada y una frazada. Closet espacioso con caja fuerte, TV de 50"", baño privado y salida directa al balcón.
Segunda Habitación con 03 camas, 01 de dos plazas, 01 de Plaza y media y 01 de plaza, además cuenta con cobertor y frazada.

* Se incluyen en el servicio, toallas y sábanas.

-Comedor y sala de estar-
Comedor para cuatro personas, sofá cama, dos pouf, dos taburetes y Televisión Smart Tv de 50"" de última generación junto a un Sistema de Audio 5.1 Surround.

-Cocina-
Cuenta con refrigerador, cafetera, tostadora, microondas, horno y cocina eléctricos, hervidor, ollas, vajilla, vasos, copas, etc. Además de una lavadora con secadora.

-Baño-
Cuenta con dos baños, ambos con ducha y lavamanos.
Papel higiénico y una reposición.

* Se solicita favor respectar el reglamento interno del condominio, el que regula el correcto uso de las áreas comunes y piscina.

* No fumar en el interior del departamento.

* Evitar actividades ruidosas como fiestas en el interior del departamento. Por favor sea respetuoso con los demás residentes.

* El departamento esta pensado y equipado para 4 personas, no obstante, previo aviso,  no hay problema con admitir a más personas.

-Registro de entrada / salida-
*Check-in desde 15:00 hrs a 18:00 hrs (sujeto a mutuo acuerdo)
*Check-out 12:00 hrs.","['Acceso a playa Público o compartido', 'Frente a la playa']",4.97,29,Paula,09-2021,https://www.airbnb.cl/rooms/52276740?adults=1&children=0&infants=0&pets=0&check_in=2023-02-24&check_out=2023-03-01&previous_page_section_name=1000
13,Acogedor departamento,Vivienda rentada entero,Coquimbo,2,2,2, Habitación,1,privado,42.239,-29.89984,-71.26223,"https://maps.google.com/maps?ll=-29.89984,-71.26223&z=14&t=m&hl=es&gl=CL&mapclient=apiv3",,Relájate en esta escapada única y tranquila.,['Acceso a la playa'],,,Carla,03-2015,https://www.airbnb.cl/rooms/807784910872872939?adults=1&children=0&infants=0&pets=0&check_in=2023-02-20&check_out=2023-02-25&previous_page_section_name=1000
14,El mejor departamento con piscinas,Vivienda rentada entero,La Serena,5,4,2, Habitación,2,privado,63.073,-29.94039,-71.28515,"https://maps.google.com/maps?ll=-29.94039,-71.28515&z=14&t=m&hl=es&gl=CL&mapclient=apiv3","Disfruta de la mejor experiencia, al quedarte en el mejor sector para vacacionar, a pasos de la playa, casino de juegos ,los mejores restaurants y mucho más :)","Vive tus vacaciones inolvidables en este departamento único y familiar.
El departamento se encuentra en la mejor ubicación de la serena, a pasos  de la playa, del casino de juegos enjoy y de los principales restaurants de la región.

El espacio
Hermoso departamento moderno frente al mar, con amplia terraza y hermosas piscinas !!",['Acceso a la playa'],5.0,16,Jorge,09-2022,https://www.airbnb.cl/rooms/710797245704393309?adults=1&children=0&infants=0&pets=0&check_in=2023-03-08&check_out=2023-03-13&previous_page_section_name=1000
15,La Serena Bella 5╠▬╕ 6☺ Full,Condo entero,La Serena,6,5,3, Habitación,2,privado,55.0,-29.90619,-71.24251,"https://maps.google.com/maps?ll=-29.90619,-71.24251&z=14&t=m&hl=es&gl=CL&mapclient=apiv3","Es un barrio muy tranquilo con seguridad controlada, cercano a los 2 mall que hay en la Ciudad, Puerta del Mar (600 mts) y Mall Plaza La Serena (1,5 km), Museo (150 mts), Supermercado (750 mts)","Acogedor alojamiento cercano a: Playas, monumentos, museos, casco histórico, restaurantes y mall,  cuenta con todo y cada uno de los detalles para hacer placentera su estadía , lo esperamos.

El espacio
Se encuentra a un costado de Av. Fco. de Aguirre, principal avenida de La Serena a 1 km del Faro y la misma distancia del Centro de la Ciudad",['Cocina'],4.87,30,Teresa,11-2018,https://www.airbnb.cl/rooms/30264267?adults=1&children=0&infants=0&pets=0&check_in=2023-02-21&check_out=2023-02-26&previous_page_section_name=1000
16,"aire acondicionado, piscina temperada orilla playa",Vivienda rentada entero,La Serena,5,5,2, Habitación,2,privado,110.0,-29.916,-71.275,"https://maps.google.com/maps?ll=-29.916,-71.275&z=14&t=m&hl=es&gl=CL&mapclient=apiv3",,"Aire Acondicionado para las noches frías y noches cálidas.
Todos los espacios comunes habilitado. 
Departamento  nuevo a orilla de la playa. 
Internet Fibra Óptica 300 Megas. (ideal para tele-trabajo)
Piscina temperada, piscina exterior con y sin olas,  jacuzzi, spa, sala multiuso, gimnasio,  sauna, sala de juegos y sala de cine.","['Acceso a playa Público o compartido', 'Frente a la playa']",4.87,45,Esteban,01-2018,https://www.airbnb.cl/rooms/22831900?adults=1&children=0&infants=0&pets=0&check_in=2023-02-24&check_out=2023-03-01&previous_page_section_name=1000
17,DEPARTAMENTO LA SERENA,Vivienda rentada entero,La Serena,4,3,2, Habitación,2,privado,76.0,-29.92437,-71.27554,"https://maps.google.com/maps?ll=-29.92437,-71.27554&z=14&t=m&hl=es&gl=CL&mapclient=apiv3","Tranquilo, silencioso, acceso expedito a las principales atracciones de la ciudad.","Disfruta de tu visita a La Serena, en la comodidad de nuestras instalaciones totalmente equipadas, pensadas para darte la mejor experiencia y comodidad a ti y los tuyos.

El espacio
Departamento en lindo condominio, nuevo y moderno a pocos pasos del mar, negocios, minimarket. Fácil acceso","['Acceso a playa Público o compartido', 'Frente a la playa']",4.87,30,Andrea,02-2021,https://www.airbnb.cl/rooms/48170579?adults=1&children=0&infants=0&pets=0&check_in=2023-02-26&check_out=2023-03-03&previous_page_section_name=1000
18,Departamento con vista al mar (Puerta Del Mar),Condo entero,Coquimbo,4,3,2, Habitación,2,privado,42.0,-29.89879,-71.2699,"https://maps.google.com/maps?ll=-29.89879,-71.2699&z=14&t=m&hl=es&gl=CL&mapclient=apiv3",,"El edificio cuenta con piscina, sector de acondicionamiento físico y zona para asados con dos quinchos. El depto fue diseñado especialmente para una excelente experiencia. Incluye: escritorio como estación de trabajo, lavadora, 1 televisor smart, 1 televisor QLED 50” de última generación en living, parrilla eléctrica,muebles y camas de excelente calidad. Sábanas de 300 hilos, sandwichera,cafetera nespresso, juguera, hervidor, microondas, refrigerador, entre otros. No se acepta fumar al interior.


Todo el departamento y con pago extra a la comunidad áreas comunes como quincho",['Acceso a la playa'],4.69,13,Felipe,04-2015,https://www.airbnb.cl/rooms/47452794?adults=1&children=0&infants=0&pets=0&check_in=2023-03-02&check_out=2023-03-07&previous_page_section_name=1000
19,Enjoy Marina Oceano a pasos de todo,Apartamento con servicios incluidos entero,La Serena,5,4,2, Habitación,1,privado,38.25,-29.94398,-71.28837,"https://maps.google.com/maps?ll=-29.94398,-71.28837&z=14&t=m&hl=es&gl=CL&mapclient=apiv3",,Relájate en esta escapada única y tranquila.,['Cocina'],4.56,9,Cristian,05-2019,https://www.airbnb.cl/rooms/690566835099035255?adults=1&children=0&infants=0&pets=0&check_in=2023-03-01&check_out=2023-03-07&previous_page_section_name=1000
20,Marina Oceano Enjoy Coquimbo,Vivienda rentada entero,La Serena,5,5,2, Habitación,1,privado,36.0,-29.94364,-71.2868,"https://maps.google.com/maps?ll=-29.94364,-71.2868&z=14&t=m&hl=es&gl=CL&mapclient=apiv3",,"Edificio Marina Oceano ubicado en segunda linea de mar, a una cuadra del Casino Enjoy, entorno seguro y tranquilo, acceso controlado. Departamento 2 dormitorios, un baño, full equipado; incluye lavadora, wi fi, loza y accesorios en cocina, ropa de cama, plancha, aspiradora, secador de pelo, entre otros. Edificio cuenta con zona de secadoras, piscina, juegos infantiles y quincho que se arrienda.


A pasos del Casino Enjoy y de Avenida Del Mar donde se concentra el sector de restoranes y entretención adultos y niños.",['Acceso a la playa'],4.79,29,Cristian,05-2019,https://www.airbnb.cl/rooms/34979284?adults=1&children=0&infants=0&pets=0&check_in=2023-03-17&check_out=2023-03-22&previous_page_section_name=1000
21,Hermoso conjunto residencial con piscina y quincho,Condo entero,La Serena,5,4,3, Habitación,1,privado,21.0,-29.89162,-71.25031,"https://maps.google.com/maps?ll=-29.89162,-71.25031&z=14&t=m&hl=es&gl=CL&mapclient=apiv3",,"Crea recuerdos inolvidables en este alojamiento único y familiar. Ubicado muy cercano a ruta 5, terminal de buses, supermercados , farmacias , restaurantes , playa, centro y locomoción a la puerta del condominio.
Incluye estacionamiento privado con conserjeria 24/7 para su seguridad y atención, piscina y quincho para temporada de verano.",['Cocina'],4.71,34,Manuel Alejandro,01-2020,https://www.airbnb.cl/rooms/649991762865777469?adults=1&children=0&infants=0&pets=0&check_in=2023-05-01&check_out=2023-05-06&previous_page_section_name=1000
22,Disfrute de Marina Oceano .,Apartamento con servicios incluidos entero,La Serena,5,4,2, Habitación,1,privado,44.999,-29.9448,-71.2874,"https://maps.google.com/maps?ll=-29.9448,-71.2874&z=14&t=m&hl=es&gl=CL&mapclient=apiv3",,"Departamento dos dormitorios, cama matrimonial, camarote, sofá cama, un baño comedor, cocina estacionamiento propio, máquina de lavado, secadora cocina, piscina juegos infantiles y todo lo necesario para un excepcional estancia",['Cocina'],5.0,8,Cristian,05-2019,https://www.airbnb.cl/rooms/667379310308120833?adults=1&children=0&infants=0&pets=0&check_in=2023-03-11&check_out=2023-03-17&previous_page_section_name=1000
23,Departamento con vista hermosa,Vivienda rentada entero,La Serena,4,3,2, Habitación,2,privado,63.355,-29.90226,-71.26975,"https://maps.google.com/maps?ll=-29.90226,-71.26975&z=14&t=m&hl=es&gl=CL&mapclient=apiv3","El departamento se encuentra en un barrio muy tranquilo y de una alta plusvalía , cuenta con supermercados , locales comerciales , mall puertas del mar , el faro de serena es un lugar muy céntrico .","Diviértete con toda la familia en este alojamiento con estilo.

El espacio
Departamento en un barrio residencial muy tranquilo",['Vista a las montañas'],,,Patricia,11-2022,https://www.airbnb.cl/rooms/773737041176094030?adults=1&children=0&infants=0&pets=0&check_in=2023-02-27&check_out=2023-03-04&previous_page_section_name=1000
24,Excelente departamento nuevo a pasos de la playa,Apartamento con servicios incluidos entero,La Serena,4,4,2, Habitación,2,privado,68.2,-29.9213,-71.27543,"https://maps.google.com/maps?ll=-29.9213,-71.27543&z=14&t=m&hl=es&gl=CL&mapclient=apiv3",Barrio residencial muy familiar y tranquilo,"Excelente departamento nuevo a pasos de avenida del mar y la playa, con terraza, parrilla, calefactor, tv, equipo de sonido. Equipado para 5 personas, 2 piezas, 3 camas (1 de 2 plazas y 2 de 1 plaza), 1 futton grande, 2 baños completos. Terraza cerrada con ventanales. Cercca de 4 esquinas y avenida del mar (restaurantes, paseos, playa)",['Acceso la playa Público o compartido'],4.87,15,Fernando,01-2019,https://www.airbnb.cl/rooms/54384078?adults=1&children=0&infants=0&pets=0&check_in=2023-02-24&check_out=2023-03-01&previous_page_section_name=1000
25,Condominio Aqua Resort,Condo entero,La Serena,5,4,2, Habitación,2,privado,40.5,-29.9164,-71.27505,"https://maps.google.com/maps?ll=-29.9164,-71.27505&z=14&t=m&hl=es&gl=CL&mapclient=apiv3","Es un lugar tranquilo y cómodo con seguridad las 24 horas a pasos de la playa, minimarket y restaurantes","En este alojamiento se respira tranquilidad: ¡relájate con toda la familia!

El espacio
Es un lugar cómodo y tranquilo que posee 2 habitaciones con baño privado, cocina americana y un amplio balcón para disfrutar un buen momento.",['Acceso a la playa'],,,Claudio,11-2022,https://www.airbnb.cl/rooms/761648678622797466?adults=1&children=0&infants=0&pets=0&check_in=2023-03-08&check_out=2023-03-13&previous_page_section_name=1000
26,Depto Jardin del Mar Excelente Vista,Vivienda rentada entero,Coquimbo,5,4,2, Habitación,2,privado,100.0,-29.9435,-71.28919,"https://maps.google.com/maps?ll=-29.9435,-71.28919&z=14&t=m&hl=es&gl=CL&mapclient=apiv3",,"Departamento totalmente equipado frente a la playa en Peñuelas.

A pasos de Casino de juegos, restaurantes y lugares de esparcimiento.

Aceptamos mascotas de tamaño pequeño y contamos con casa para mascota.

Estacionamiento interior y seguridad las 24 hrs.

Vista privilegiada, contamos también con malla en terraza para seguridad de su familia.",['Cocina'],5.0,4,Mauricio,08-2018,https://www.airbnb.cl/rooms/599912675032581886?adults=1&children=0&infants=0&pets=0&check_in=2023-02-26&check_out=2023-03-04&previous_page_section_name=1000
27,"Puerto Velero, Departamento frente al océano.",Condo entero,Coquimbo,6,5,3, Habitación,3,privado,160.0,-30.24542,-71.47066,"https://maps.google.com/maps?ll=-30.24542,-71.47066&z=14&t=m&hl=es&gl=CL&mapclient=apiv3","Puerto Velero es un Hermoso complejo turístico, ubicado a 45 km de la Serena, 3 km de Tongoy, con un agradable clima templado, que lo hace un buen lugar todo el año.","Amplio departamento en 1° linea frente al mar,  de  un completo condominio de los mas hermosos de la bahia de Tongoy; Jardines, piscinas de agua dulce y de mar, centro comercial,  actividades deportivas y artísticas para niños y adultos (meses de verano), restaurantes en la playa de reconocida calidad, estacionamiento náutico, canchas de golf, tenis y futboll, zona barbeque acogido por la naturaleza. Jacuzzi y piscina temperada con previa reserva (costo adicional), acceso privado a la playa.","['Acceso a la playa', 'Frente a la playa']",4.60,15,Karime,04-2011,https://www.airbnb.cl/rooms/35842325?adults=1&children=0&infants=0&pets=0&check_in=2023-03-01&check_out=2023-03-06&previous_page_section_name=1000
28,Hermoso Depto Jardin del Mar con Vista Libre,Vivienda rentada entero,Coquimbo,6,5,3, Habitación,2,privado,110.0,-29.9434,-71.28899,"https://maps.google.com/maps?ll=-29.9434,-71.28899&z=14&t=m&hl=es&gl=CL&mapclient=apiv3","A pasos de la playa de Peñuelas, edificio se encuentra al lado de Casino Enjoy.","Departamento espacioso totalmente equipado con vista privilegiada primera línea de la avenida costanera de Coquimbo.

Estacionamiento interior y seguridad las 24 horas.

Terraza del departamento cerrada vista libre.

A pasos de Casino de juegos, restaurantes, etc.",['Acceso a la playa'],4.67,3,Mauricio,08-2018,https://www.airbnb.cl/rooms/599881796956945911?adults=1&children=0&infants=0&pets=0&check_in=2023-03-01&check_out=2023-03-08&previous_page_section_name=1000
29,Depto Marina Horizonte II Casino Enjoy 3D y 2B,Condo entero,Coquimbo,6,4,3, Habitación,2,privado,92.0,-29.94558,-71.2867,"https://maps.google.com/maps?ll=-29.94558,-71.2867&z=14&t=m&hl=es&gl=CL&mapclient=apiv3","Departamento nuevo piso 5 con vista al mar a pasos de la playa y Casino Enjoy Coquimbo, cerca de Supermercados y centros comerciales, excelente conectividad con estacionamiento privado y de visita, quincho, lavandería de pago, sala multiuso, seguridad las 24 horas, balcón y todas las habitaciones cuenta con malla de seguridad. Áreas verdes, piscina","Depto de 78 mts 2
 3 dormitorios 2 de ellos con camas de 2 plazas y el tercero con 2 camas de 1 plaza 2 baños, cocina independiente.
 Full equipado (incluye toallas, sábanas blancas, shampoo, jabón, secador de pelo.) 
2 TV de 48” con Internet cable, Netflix. 
CDF HD Premiun
165- Standard 
855-HD
Con malla de protección en todos los ventanales.
Ascensor, Lavandería, conserjería las 24hrs, estacionamiento privado, piscina. 
Ubicado costado del Casino Enjoy, paso directo a la avenida del Mar.


El espacio es fantástico para una escapada cerca de casa, como alternativa para trabajar en remoto o para familias.
Cuenta con Wife, Internet, cable.

 Actualice mi sistema de preparación de mi Departamento, para recibir a mis Huéspedes de acuerdo proceso de limpieza avanzada en 5 pasos de Airbnb, basado en el manual de limpieza de Airbnb desarrollado en colaboración con expertos.

Estos son algunos aspectos destacados:

Desinfecto las superficies de contacto frecuente, entre ellas, las perillas de las puertas.
Uso productos y desinfectantes homologados por las autoridades sanitarias internacionales y me protejo mientras limpio para evitar la contaminación cruzada.
Limpio todas las habitaciones siguiendo las listas de tareas específicas para cada una de ellas.
Proporciono productos de limpieza adicionales por si necesitas limpiar durante la estancia.
Cumplo con las leyes locales, incluidas todas las pautas de seguridad y de limpieza.","['Acceso a playa Público o compartido', 'Frente a la playa']",4.81,47,Gloria,07-2019,https://www.airbnb.cl/rooms/36732335?adults=1&children=0&infants=0&pets=0&check_in=2023-02-26&check_out=2023-03-03&previous_page_section_name=1000
30,AV.DEL MAR. 1a línea.Excelente estado.Muy equipado,Condo entero,Coquimbo,6,5,3, Habitación,"2,5",privado,110.0,-29.95967,-71.31301,"https://maps.google.com/maps?ll=-29.95967,-71.31301&z=14&t=m&hl=es&gl=CL&mapclient=apiv3",,"Espectacular departamento en condominio en Avenida del Mar, frente a la playa con hermosa vista. Espacioso e iluminado. Tres dormitorios, uno en suite, dos baños. Capacidad máxima para 6 personas. Cocina completamente equipada con horno, refrigerador, microondas, lavadora. Wi-fi incorporado. Aire Acondicionado. Mallas de seguridad en todas las terrazas. Estacionamiento privado, piscinas, áreas verdes.",['Cocina'],,,Fabiola,09-2017,https://www.airbnb.cl/rooms/47787395?adults=1&children=0&infants=0&pets=0&check_in=2023-02-23&check_out=2023-03-01&previous_page_section_name=1000
31,LA SERENA ¡Fabuloso Dpto! Av del Mar 3D2B 2estac.,Apartamento con servicios incluidos entero,La Serena,6,6,3, Habitación,2,privado,150.0,-29.91927,-71.27649,"https://maps.google.com/maps?ll=-29.91927,-71.27649&z=14&t=m&hl=es&gl=CL&mapclient=apiv3",,"Lujoso dpto en proyecto exclusivo Aqua Resort La Serena.

Dpto para 6 personas son 3D2B con 2 estacionamientos. Orilla de Playa. Wifi-tv cable

Amplio y seguro dpto con elegante mobiliario y diseño contemporáneo.

Piscina con olas
Piscina temperada
Jacussi / Sauna 
Sala Juegos 
Gym 
Sala cine 
Sala multiuso 
Parrilla, otros. 

Seguridad 24/7 

Sector restaurantes, panadería, pastelería, farmacia, etc. 

Contacto arriendo fono +56 9 8 768 5054

¡DISFRUTA EN FAMILIA! 
¡NO TE LO PUEDES PERDER!",['Vista a la bahía'],,,Juan Carlos,06-2021,https://www.airbnb.cl/rooms/50350143?adults=1&children=0&infants=0&pets=0&check_in=2023-02-23&check_out=2023-02-28&previous_page_section_name=1000
32,Gran marina,Habitación privada en vivienda rentada,Coquimbo,4,3,2, Habitación,1compartido,compartido,71.0,-29.94743,-71.28745,"https://maps.google.com/maps?ll=-29.94743,-71.28745&z=14&t=m&hl=es&gl=CL&mapclient=apiv3",,"Hermoso dpto a pasos del casino enjoy y a metros de la playa, hermosa vista al mar.

El espacio
Confortable habitaciones",['Cocina'],,,Eric,01-2019,https://www.airbnb.cl/rooms/36074430?adults=1&children=0&infants=0&pets=0&check_in=2023-02-22&check_out=2023-02-27&previous_page_section_name=1000
33,Departamento de verano La Serena,Vivienda rentada entero,La Serena,5,5,3, Habitación,1,privado,60.0,-29.94101,-71.24915,"https://maps.google.com/maps?ll=-29.94101,-71.24915&z=14&t=m&hl=es&gl=CL&mapclient=apiv3",,"Relájate en esta escapada única y tranquila. Departamento acogedor en uno de los mejores sectores de La Serena, seguro y con una de las mejores vistas de la conurbacion",['Cocina'],,,Valeska,01-2023,https://www.airbnb.cl/rooms/803852734606505134?adults=1&children=0&infants=0&pets=0&check_in=2023-02-18&check_out=2023-02-24&previous_page_section_name=1000
34,Hermoso Depto Jardín del Mar Frente a la Playa,Vivienda rentada entero,Coquimbo,4,3,2, Habitación,2,privado,65.0,-29.94556,-71.29095,"https://maps.google.com/maps?ll=-29.94556,-71.29095&z=14&t=m&hl=es&gl=CL&mapclient=apiv3",,"Departamento frente a la playa de Peñuelas en Avenida Costanera.

Totalmente equipado cuenta con estacionamiento interior y seguridad las 24 horas.

Apto para mascotas de tamaño pequeño.",['Cocina'],,,Mauricio,08-2018,https://www.airbnb.cl/rooms/599891707443229149?adults=1&children=0&infants=0&pets=0&check_in=2023-03-03&check_out=2023-03-10&previous_page_section_name=1000
35,Departamento 2002,Vivienda rentada entero,Coquimbo,5,4,2, Habitación,1,privado,120.0,-29.9593,-71.3129,"https://maps.google.com/maps?ll=-29.9593,-71.3129&z=14&t=m&hl=es&gl=CL&mapclient=apiv3",,"Lleva a toda la familia a este fantástico lugar con muchas zonas para divertirse. En la zona Turística de Coquimbo, cerca de playas.

Número de permiso
934424048",['Acceso a la playa'],,,Jorge,05-2018,https://www.airbnb.cl/rooms/777461362919131477?adults=1&children=0&infants=0&pets=0&check_in=2023-02-20&check_out=2023-02-26&previous_page_section_name=1000
36,Hermoso acogedor Depto. arriendo diario 4 esqinas,Apartamento con servicios incluidos entero,La Serena,6,3,2, Habitación,2,privado,54.0,-29.943,-71.2544,"https://maps.google.com/maps?ll=-29.943,-71.2544&z=14&t=m&hl=es&gl=CL&mapclient=apiv3",,Disfruta de la sencillez de este alojamiento tranquilo y céntrico.,['Cocina'],,,Yasna,10-2022,https://www.airbnb.cl/rooms/740097000232079800?adults=1&children=0&infants=0&pets=0&check_in=2023-02-22&check_out=2023-02-27&previous_page_section_name=1000
37,DeptosFull Equipado Avenida pacifico con 4 Esquina,Condo entero,La Serena,4,4,2, Habitación,1,privado,42.0,-29.92742,-71.27693,"https://maps.google.com/maps?ll=-29.92742,-71.27693&z=14&t=m&hl=es&gl=CL&mapclient=apiv3","Es un ambiente tranquilo, cerca de playas, parque de diversiones, pub y restaurantes","Hermoso espacio familiar, central de playas y de la Ciudad La Serena

El espacio
Ideal para familias con niños pequeños ya que es un primer piso con patio pequeño de pasto sintético, para que desarrollen sus habilidades y jueguen",['Acceso la playa Público o compartido'],4.88,17,Adolfo,10-2021,https://www.airbnb.cl/rooms/53063379?adults=1&children=0&infants=0&pets=0&check_in=2023-08-01&check_out=2023-08-06&previous_page_section_name=1000
38,Departamento Laguna del Mar,Vivienda rentada entero,La Serena,5,3,2, Habitación,2,privado,90.0,-29.89903,-71.27369,"https://maps.google.com/maps?ll=-29.89903,-71.27369&z=14&t=m&hl=es&gl=CL&mapclient=apiv3",,"Departamento, equipado para 5 a 6 personas, ubicado en segundo piso de edificio Coloso, balcón con vista panorámica a la laguna y mar, living-comedor equipado; dos dormitorios; dos baños; un dormitorio con baño en suite; cocina americana amoblada y equipada. Laguna navegable de 3 hectáreas de agua dulce, piscinas con bar, quincho, cancha de tenis, acceso controlado las 24 horas, cerca supermercados ,Mall, restaurantes, incluye tv, cable, internet, lavadora secadora, 02 kajak.


Departamento, equipado para 5 a 6 personas, ubicado en segundo piso con vista panorámica a la laguna y mar, living-comedor 
Departamento completamente equipado.","['Acceso a la playa', 'Frente a la playa']",4.69,13,Claudio,12-2015,https://www.airbnb.cl/rooms/30686372?adults=1&children=0&infants=0&pets=0&check_in=2023-03-20&check_out=2023-03-26&previous_page_section_name=1000
39,Lindo Depto en La Serena (Costado Casino Enjoy),Vivienda rentada entero,Elqui,4,3,2, Habitación,2,privado,52.438,-29.9463,-71.2894,"https://maps.google.com/maps?ll=-29.9463,-71.2894&z=14&t=m&hl=es&gl=CL&mapclient=apiv3","El departamento se encuentra a pasos y acceso directo a la playa.

Restaurantes de alta calidad

Discotecas y pubs muy cercas

A pasos del casino enjoy","ARRIENDO DIARIO DEPTO PARA 4 PERSONAS A UN COSTADO CASINO ENJOY, EN EXCLUSIVO CONDOMINIO GRAN MARINA HORIZONTE. El departamento ubicado a pasos de la playa (Avda. del Mar), consta de 2 dormitorios, 2 baños, en edificio Marina Horizonte II, ubicado en 6° piso, full equipado para 4 personas, TV cable, estacionamientos.

El espacio
El departamento es nuevo, con muy buenas terminaciones y los materiales son de alta calidad.

Cuenta con chapa electrónica, con lo cual se elimina las llaves de acceso, lo que da total independencia y tranquilidad a los huéspedes. 

El condominio consta de piscina, estacionamiento gratis(Aparcamiento de automóviles), quinchos para hacer asados (BBQ), sala de estar, salada de juegos, sala de reuniones, lavandería, lugar seguro, conserje, áreas verdes, juegos infantiles.","['Acceso a la playa', 'Frente a la playa']",4.96,46,Victor,02-2016,https://www.airbnb.cl/rooms/22649888?adults=1&children=0&infants=0&pets=0&check_in=2023-03-06&check_out=2023-03-12&previous_page_section_name=1000
40,Departamentos Boutique Los Molles2,Vivienda rentada entero,Valparaíso,4,3,2, Habitación,1,privado,80.0,-32.24,-71.51678,"https://maps.google.com/maps?ll=-32.24,-71.51678&z=14&t=m&hl=es&gl=CL&mapclient=apiv3","Ambiente tranquilo, seguro, familiar especialmente para descansar","Tiempo de vacaciones 
Disfruta unas inolvidables vacaciones en Los Molles región de Valparaíso 
A solo Dos horas de santiago.
Podrás disfrutar de playa , encontrarás las mejores escuelas de buceo, podrás realizar caminatas y visitar la Reserva Natural  Puquen.

Arrienda nuestros departamentos individuales boutique de 2 pisos amoblados nuevos para 5 personas con wifi tv cable quincho y terraza


Te esperamos !!!!!


Cómodo, moderno y único
Establecido en zona segura Tsunami

A tres cuadras de :
Reserva Nacional Puquen supermercado Homero y almacén Gloria

A 10 minutos caminando a la playa",['Acceso la playa Público o compartido'],4.56,91,Karen,07-2017,https://www.airbnb.cl/rooms/20044224?adults=1&children=0&infants=0&pets=0&check_in=2023-02-27&check_out=2023-03-04&previous_page_section_name=1000
41,Acogedor departamento en la playa Nuevo!,Vivienda rentada entero,La Serena,4,3,2, Habitación,2,privado,60.0,-29.93158,-71.27724,"https://maps.google.com/maps?ll=-29.93158,-71.27724&z=14&t=m&hl=es&gl=CL&mapclient=apiv3","Variados restaurantes, centros de diversión. Casino de juegos y playa.","Departamento nuevo con dos habitaciones cómodamente amobladas. Dos baños, living, cocina y pequeña terraza. Esta equipado con todo lo necesario para disfrutar de tus vacaciones. Es un condominio cerrado al que accedes solo al informar tu identidad. Tiene estacionamiento y piscinas divididas para distintas edades. Además está ubicado a menos de tres cuadras de la playa (llegas caminando) y tiene cerca variados restaurantes y centros de diversión.


Departamento nuevo. Y a pasos de la playa.",['Costa'],,,Yasna,02-2016,https://www.airbnb.cl/rooms/30946215?adults=1&children=0&infants=0&pets=0&check_in=2023-03-15&check_out=2023-03-20&previous_page_section_name=1000
42,Increíble Apartamento - Jardín del mar.,Vivienda rentada entero,Coquimbo,5,4,2, Habitación,2,privado,84.961,-29.94449,-71.28999,"https://maps.google.com/maps?ll=-29.94449,-71.28999&z=14&t=m&hl=es&gl=CL&mapclient=apiv3","La serena y coquimbo son ciudades que tienen un menú muy completo de actividades
Hermosas playas.
Valle del Elqui a 1 hr.
Casino.
Malls.
Mineria.
Agricultura.
Gastronomía.","2 dormitorios  2 baños.
Sólo necesita cruzar la calle para llegar a la playa.
Decoración moderna y funcional.
Increíble vista al mar.
Jacuzzi.
Gimnasio amplio.
Sauna.
Baño de vapor.
Quinchos.
Piscina temperada.
Parrillas.
Smart tv.
Equipo de Audio con Bluetooth.
Restaurant.
100 m del casino.


Nuestro departamento es muy cómodo en especial por la cercanía a todo. cuenta con una hermosa vista, está a la pasos de la playa en la avenida del mar, simplemente debe cruzar la calle y está en la playa, Está al lado del casino, el complejo tiene un restaurant incluido.",['Cocina'],5.0,9,Cristobal,12-2015,https://www.airbnb.cl/rooms/9887529?adults=1&children=0&infants=0&pets=0&check_in=2023-03-09&check_out=2023-03-15&previous_page_section_name=1000
43,Departamento condominio Juan Soldado,Condo entero,La Serena,5,4,3, Habitación,1,privado,55.0,-29.93257,-71.27794,"https://maps.google.com/maps?ll=-29.93257,-71.27794&z=14&t=m&hl=es&gl=CL&mapclient=apiv3",,,['Cocina'],,,Daniel Elías,11-2019,https://www.airbnb.cl/rooms/41955206?adults=1&children=0&infants=0&pets=0&check_in=2023-02-21&check_out=2023-02-26&previous_page_section_name=1000
44,Hermoso departamento 2 dormitorios con piscina,Vivienda rentada entero,Coquimbo,4,3,2, Habitación,1,privado,61.064,-29.94738,-71.28973,"https://maps.google.com/maps?ll=-29.94738,-71.28973&z=14&t=m&hl=es&gl=CL&mapclient=apiv3",,"Apartamento amoblado en sector casino Enjoy a dos cuadras de la playa, 2 habitaciones, smart tv, internet ilimitado, cable directv go, con estacionamiento, quincho (parrilla), piscina, multi cancha de futbol, juegos para niños, ascensor, lavanderías y secadora. Acceso controlado seguridad las 24 horas. Lugares de interés: Pueblo artesanal Peñuelas parques, increíbles vistas, restaurantes, pub discoteque. Les va a encantar la ubicación, locomoción colectiva. Ideal para parejas y familias.",['Acceso a la playa'],,,Claudio Miguel,01-2018,https://www.airbnb.cl/rooms/54105343?adults=1&children=0&infants=0&pets=0&check_in=2023-03-01&check_out=2023-03-08&previous_page_section_name=1000
45,La Serena Bella,Vivienda rentada entero,La Serena,5,3,3, Habitación,1,privado,45.0,-29.93024,-71.27821,"https://maps.google.com/maps?ll=-29.93024,-71.27821&z=14&t=m&hl=es&gl=CL&mapclient=apiv3",,,['Cocina'],4.80,10,Juan,10-2017,https://www.airbnb.cl/rooms/48124685?adults=1&children=0&infants=0&pets=0&check_in=2023-03-01&check_out=2023-03-06&previous_page_section_name=1000
46,Hermoso departamento a pasos de avenida del mar,Condo entero,Coquimbo,5,4,2, Habitación,2,privado,72.0,-29.94839,-71.28922,"https://maps.google.com/maps?ll=-29.94839,-71.28922&z=14&t=m&hl=es&gl=CL&mapclient=apiv3","El sector está considerado como el mejor lugar para pasear y divertirse por los turistas, ya que cuenta con una variedad de entretencion y por la cercanía a la playa.","Se arrienda hermoso y acogedor departamento en exclusivo y privilegiado sector de Peñuelas, Coquimbo con una espectacular vista a la bahía.
A solo pasos de la avenida del mar, Casino de juegos Enjoy ,múltiples centros de entretenimiento, Restaurantes, Pubs y Discoteques.

El espacio
Departamento completamente equipado, con todo lo necesario para hacer de su estadia una agradable y acogedora visita a nuestra hermosa Ciudad.
Incluye Wifi, televisor smartv con televisión por iptv.
Dos habitaciones una equipada con cama de dos plazas , con una hermosa vista a la bahía de Coquimbo y avenida del mar, amplio closet y baño en suite con tina y vanitorio.
La otra habitación está equipada con tres camas de una plaza y amplio closet.
Amplio y cómodo, living comedor ,con grandes ventanales con salida al balcón protegido con malla de seguridad.
Cocina espaciosa e independiente, completamente equipada.
El departamento incluye lavadora.",['Acceso a la playa'],5.0,3,Ricardo,07-2022,https://www.airbnb.cl/rooms/665980760755265343?adults=1&children=0&infants=0&pets=0&check_in=2023-02-27&check_out=2023-03-04&previous_page_section_name=1000
47,Arriendo de habitaciones por dias,Habitación privada en apartamento con servicios incluidos,Coquimbo,2,2,2, Habitación,1compartido,compartido,18.0,-29.94951,-71.28777,"https://maps.google.com/maps?ll=-29.94951,-71.28777&z=14&t=m&hl=es&gl=CL&mapclient=apiv3",,,['Cocina'],,,Natalia,02-2019,https://www.airbnb.cl/rooms/41916638?adults=1&children=0&infants=0&pets=0&check_in=2023-02-22&check_out=2023-02-28&previous_page_section_name=1000
48,Departamento en avenida del mar la serena,Condo entero,La Serena,5,3,2, Habitación,2,privado,125.0,-29.91536,-71.27463,"https://maps.google.com/maps?ll=-29.91536,-71.27463&z=14&t=m&hl=es&gl=CL&mapclient=apiv3",,,['Cocina'],,,Carmen,01-2019,https://www.airbnb.cl/rooms/31400743?adults=1&children=0&infants=0&pets=0&check_in=2023-02-21&check_out=2023-02-26&previous_page_section_name=1000
49,Depto cómodo Verano en La Serena,Vivienda rentada entero,La Serena,5,4,3, Habitación,1,privado,56.904,-29.9036,-71.2615,"https://maps.google.com/maps?ll=-29.9036,-71.2615&z=14&t=m&hl=es&gl=CL&mapclient=apiv3",,"Énfasis en full aseo, ropa de cama renovada para esta temporada",['Cocina'],,,Rodrigo,01-2019,https://www.airbnb.cl/rooms/797220723654603969?adults=1&children=0&infants=0&pets=0&check_in=2023-02-19&check_out=2023-02-26&previous_page_section_name=1000
50,Departamento condominio costanera del Mar,Condo entero,La Serena,5,4,3, Habitación,1,privado,58.0,-29.91497,-71.27432,"https://maps.google.com/maps?ll=-29.91497,-71.27432&z=14&t=m&hl=es&gl=CL&mapclient=apiv3",,,['Cocina'],,,Daniel Elías,11-2019,https://www.airbnb.cl/rooms/42108593?adults=1&children=0&infants=0&pets=0&check_in=2023-02-22&check_out=2023-03-01&previous_page_section_name=1000
51,Arriendo de habitaciones por dias,Habitación privada en apartamento con servicios incluidos,Coquimbo,2,2,2, Habitación,1compartido,compartido,18.0,-29.94951,-71.28777,"https://maps.google.com/maps?ll=-29.94951,-71.28777&z=14&t=m&hl=es&gl=CL&mapclient=apiv3",,,['Cocina'],,,Natalia,02-2019,https://www.airbnb.cl/rooms/41916638?adults=1&children=0&infants=0&pets=0&check_in=2023-02-22&check_out=2023-02-28&previous_page_section_name=1000
